,Name,Price,Kms_driven,Fuel_type,Year,Company
0,Hyundai Venue -,1019699,16112,4,2019,Hyundai
1,Honda Jazz -,713499,30988,4,2017,Honda
2,Hyundai i20 -,391099,69163,1,2013,Hyundai
3,Maruti Suzuki Swift,474299,42859,4,2015,Maruti
4,Toyota Corolla Altis,1252999,34919,4,2017,Toyota
5,Hyundai Elite i20,730899,13687,4,2017,Hyundai
6,Maruti Suzuki Alto,343099,29848,4,2018,Maruti
7,Honda Jazz -,707599,21426,4,2018,Honda
8,Maruti Suzuki Baleno,688899,68177,1,2016,Maruti
9,Jeep Compass -,1421599,70650,1,2017,Jeep
10,Maruti Suzuki Alto,399999,25730,4,2017,Maruti
11,Kia Seltos -,1473299,47096,4,2019,Kia
12,Hyundai Creta 1.6,600000,58460,1,2019,Hyundai
13,Kia Seltos -,800000,48000,4,2020,Kia
14,Ford Ecosport -,807499,23698,4,2017,Ford
15,Hyundai Grand i10,522999,37860,4,2016,Hyundai
16,Maruti Suzuki Swift,474299,91830,4,2015,Maruti
17,Hyundai Elite i20,740899,31172,4,2019,Hyundai
18,Toyota Yaris -,1141999,3243,4,2021,Toyota
19,Tata Nexon -,971299,9616,4,2020,Tata
20,Maruti Suzuki Baleno,640999,30249,4,2017,Maruti
21,Maruti Suzuki Baleno,676199,60875,4,2019,Maruti
22,Maruti Suzuki Swift,562399,25740,4,2017,Maruti
23,Ford Ecosport 1.0,580899,38587,4,2014,Ford
24,Renault Triber -,770999,3108,4,2021,Renault
25,Honda Amaze -,531399,35353,4,2016,Honda
26,Hyundai EON Magna,367299,34748,4,2017,Hyundai
27,Maruti Suzuki Alto,412199,2359,4,2020,Maruti
28,Hyundai Creta S,1460099,17814,1,2020,Hyundai
29,Maruti Suzuki Baleno,618699,68934,4,2018,Maruti
30,Hyundai i20 Asta,485000,72600,4,2014,Hyundai
31,Nissan Micra XV,245000,80000,1,2012,Nissan
32,MG Motors Hector,1200000,36000,1,2020,MG
33,Maruti Suzuki Wagon,490199,15840,4,2017,Maruti
34,Maruti Suzuki Baleno,618699,68934,4,2018,Maruti
35,Maruti Suzuki Vitara,920999,32482,1,2017,Maruti
36,Honda City -,554399,113779,1,2014,Honda
37,Maruti Suzuki Wagon,408999,26150,4,2017,Maruti
38,Mahindra XUV 500,1248299,34555,1,2018,Mahindra
39,Maruti Suzuki Baleno,636099,30880,4,2018,Maruti
40,Hyundai i20 Asta,452699,70423,4,2013,Hyundai
41,Hyundai Elite i20,704399,30232,1,2018,Hyundai
42,Volkswagen Polo -,553599,50077,4,2016,Volkswagen
43,Ford Ecosport -,999599,18482,1,2018,Ford
44,Maruti Suzuki Baleno,684699,10246,4,2018,Maruti
45,Maruti Suzuki Baleno,620399,25021,4,2016,Maruti
46,Hyundai Elite i20,549899,70646,4,2014,Hyundai
47,Maruti Suzuki Vitara,812899,45490,1,2018,Maruti
48,Ford Ecosport -,656699,53306,1,2016,Ford
49,Hyundai Creta 1.6,725000,58460,1,2019,Hyundai
50,Hyundai Venue -,600000,29000,1,2019,Hyundai
51,Hyundai Creta 1.6,818599,69215,4,2017,Hyundai
52,Hyundai Verna 1.6,862399,33340,4,2018,Hyundai
53,Renault Triber -,673599,9783,4,2019,Renault
54,Hyundai Santro Sportz,528899,15110,4,2018,Hyundai
55,Maruti Suzuki S,527999,3399,4,2021,Maruti
56,Mahindra XUV 500,791699,89310,1,2013,Mahindra
57,Maruti Suzuki Wagon,392999,53148,4,2015,Maruti
58,Honda City VX,690199,42020,4,2015,Honda
59,Maruti Suzuki Swift,474699,74594,1,2013,Maruti
60,MG Motors Hector,2019899,6110,4,2021,MG
61,Hyundai Grand i10,562299,24346,4,2017,Hyundai
62,Jeep Compass -,1400999,65668,1,2017,Jeep
63,Renault Kwid -,447599,48644,4,2018,Renault
64,Toyota Innova Crysta,1814599,36877,1,2018,Toyota
65,Tata Nexon -,920399,79673,1,2018,Tata
66,Maruti Suzuki Swift,447599,54352,4,2014,Maruti
67,Mahindra Xylo -,525000,107000,1,2015,Mahindra
68,Mahindra Xylo -,525000,107000,1,2015,Mahindra
69,Maruti Suzuki Alto,343299,48658,4,2017,Maruti
70,MG Motors Hector,1711499,11998,4,2020,MG
71,Maruti Suzuki Vitara,918799,32513,1,2018,Maruti
72,Hyundai Grand i10,526399,21372,4,2016,Hyundai
73,Volkswagen Vento -,881099,34178,4,2017,Volkswagen
74,Kia Seltos -,1764199,20547,4,2019,Kia
75,Maruti Suzuki Baleno,639199,34731,4,2016,Maruti
76,Hyundai Grand i10,522999,30536,4,2016,Hyundai
77,MG Motors Hector,1917599,10205,1,2019,MG
78,Maruti Suzuki Wagon,466599,25483,4,2017,Maruti
79,Toyota Corolla Altis,1397699,39113,4,2017,Toyota
80,Maruti Suzuki Ignis,504399,43152,4,2017,Maruti
81,MG Motors Hector,1920399,5325,4,2020,MG
82,Ford Ecosport -,917599,44705,4,2018,Ford
83,Toyota Etios -,319099,70022,4,2011,Toyota
84,Maruti Suzuki Celerio,484399,47435,4,2017,Maruti
85,Honda City 1.5,73000,195000,4,2001,Honda
86,Hyundai Verna 1.6,1550000,13000,4,2022,Hyundai
87,Mahindra e2o T2,420000,46000,2,2016,Mahindra
88,Toyota Fortuner 4x4,1595000,72000,1,2015,Toyota
89,Hyundai Xcent -,573499,29026,4,2016,Hyundai
90,Hyundai Creta 1.6,879199,59258,4,2015,Hyundai
91,Mahindra XUV 500,733399,120399,1,2014,Mahindra
92,Maruti Suzuki Vitara,967599,28853,1,2018,Maruti
93,Honda City -,1539299,9811,4,2020,Honda
94,Hyundai i20 Active,561499,43538,4,2015,Hyundai
95,Hyundai Creta -,1042699,66400,4,2017,Hyundai
96,Maruti Suzuki S,1032099,59341,1,2017,Maruti
97,Hyundai Creta -,903499,56246,4,2016,Hyundai
98,Honda Amaze -,472499,35944,4,2014,Honda
99,Honda WR V,771299,17699,4,2018,Honda
100,Maruti Suzuki Wagon,447099,41065,4,2017,Maruti
101,Renault Kwid -,504599,2311,4,2019,Renault
102,Hyundai Grand i10,620999,2991,4,2018,Hyundai
103,Hyundai Grand i10,433999,29762,4,2015,Hyundai
104,Skoda Rapid -,627499,91917,1,2016,Skoda
105,Renault Kwid -,504599,2311,4,2019,Renault
106,Maruti Suzuki Dzire,704199,30771,4,2018,Maruti
107,Hyundai Santro Sportz,513099,29488,4,2018,Hyundai
108,Renault Kwid -,469399,36559,4,2019,Renault
109,Honda WR V,844199,38242,1,2018,Honda
110,Maruti Suzuki Ignis,544799,66426,4,2017,Maruti
111,Volkswagen Polo -,710899,16950,4,2018,Volkswagen
112,Maruti Suzuki Baleno,580599,18866,4,2016,Maruti
113,Maruti Suzuki Swift,638499,53245,1,2017,Maruti
114,Hyundai Verna -,654699,44543,4,2016,Hyundai
115,Maruti Suzuki S,894199,50128,1,2018,Maruti
116,Maruti Suzuki S,858599,56349,1,2018,Maruti
117,Maruti Suzuki S,992199,69524,1,2017,Maruti
118,Volkswagen Polo -,714999,41218,4,2017,Volkswagen
119,Maruti Suzuki Baleno,765599,9085,4,2020,Maruti
120,MG Motors Hector,1800299,11292,1,2019,MG
121,Mercedes Benz C,1190000,75000,1,2011,Mercedes
122,Maruti Suzuki Ertiga,600000,48600,1,2015,Maruti
123,Maruti Suzuki Alto,336000,3600,4,2019,Maruti
124,Maruti Suzuki Dzire,680699,29594,4,2019,Maruti
125,Honda City VX,714899,55953,4,2015,Honda
126,Maruti Suzuki Alto,316799,16980,4,2016,Maruti
127,Ford Ecosport -,675099,41828,1,2016,Ford
128,Maruti Suzuki S,1057399,64803,1,2018,Maruti
129,Maruti Suzuki Ertiga,938099,44460,1,2018,Maruti
130,Tata Nexon -,1057699,14276,1,2018,Tata
131,Maruti Suzuki Wagon,610099,23425,4,2019,Maruti
132,Maruti Suzuki Alto,452199,23056,4,2018,Maruti
133,Hyundai Elite i20,712699,16102,4,2019,Hyundai
134,Maruti Suzuki Vitara,838699,56615,1,2019,Maruti
135,Mahindra TUV300 -,666899,70317,1,2015,Mahindra
136,MG Motors Hector,1681899,6760,4,2020,MG
137,MG Motors Hector,1854599,8870,4,2020,MG
138,Maruti Suzuki Baleno,571499,78209,4,2016,Maruti
139,Volkswagen Vento -,589199,64292,4,2015,Volkswagen
140,Toyota Fortuner 3.0,1231000,117000,1,2012,Toyota
141,Hyundai i20 Magna,320000,89450,1,2011,Hyundai
142,Maruti Suzuki Alto,351699,58771,4,2015,Maruti
143,Maruti Suzuki Alto,299199,53266,4,2016,Maruti
144,Honda Amaze -,657199,9200,4,2019,Honda
145,Ford Ecosport -,539299,61721,4,2014,Ford
146,Hyundai Grand i10,608399,18333,4,2017,Hyundai
147,Ford Ecosport -,1042799,51780,4,2019,Ford
148,Maruti Suzuki Baleno,645199,30854,4,2018,Maruti
149,Ford Ecosport -,811899,24680,4,2017,Ford
150,Volkswagen Vento -,557799,85663,4,2015,Volkswagen
151,Mahindra Bolero -,873999,20541,1,2021,Mahindra
152,Hyundai i20 Magna,278299,64182,4,2010,Hyundai
153,Maruti Suzuki S,986399,58819,1,2017,Maruti
154,Maruti Suzuki Wagon,610099,32057,4,2019,Maruti
155,Jeep Compass -,1749899,18403,4,2018,Jeep
156,Maruti Suzuki Alto,443899,7877,4,2018,Maruti
157,Hyundai Verna 1.6,936299,15509,4,2018,Hyundai
158,Maruti Suzuki Baleno,580599,48329,4,2016,Maruti
159,Renault Kwid RXT,404499,21301,4,2019,Renault
160,Maruti Suzuki Vitara,838699,34566,1,2019,Maruti
161,Renault Kwid -,446499,34297,4,2018,Renault
162,Tata Hexa -,1047499,119571,1,2017,Tata
163,Maruti Suzuki Alto,345599,27957,4,2018,Maruti
164,Ford Ecosport -,784399,27210,4,2018,Ford
165,Maruti Suzuki Swift,489399,21610,4,2014,Maruti
166,Maruti Suzuki Baleno,627499,40902,4,2017,Maruti
167,Maruti Suzuki Alto,288399,11057,4,2015,Maruti
168,Maruti Suzuki Baleno,573999,72505,4,2016,Maruti
169,Hyundai Creta -,1373699,31338,4,2018,Hyundai
170,Maruti Suzuki Alto,279799,28674,4,2016,Maruti
171,Hyundai Elite i20,658199,25416,4,2018,Hyundai
172,Hyundai Grand i10,465499,14765,4,2016,Hyundai
173,Toyota Etios -,563999,60380,1,2015,Toyota
174,Maruti Suzuki Baleno,718699,19775,4,2018,Maruti
175,Tata Tiago -,543399,28495,4,2018,Tata
176,Hyundai Creta -,1780399,28344,1,2020,Hyundai
177,Toyota Glanza -,757999,10801,4,2020,Toyota
178,Tata Nexon -,1013999,4365,4,2019,Tata
179,Maruti Suzuki Celerio,439999,53266,1,2016,Maruti
180,Maruti Suzuki S,839199,50866,1,2018,Maruti
181,Maruti Suzuki Alto,421799,24230,4,2019,Maruti
182,Maruti Suzuki Baleno,580599,64275,4,2016,Maruti
183,Hyundai Venue -,986799,8924,4,2019,Hyundai
184,MG Motors Hector,2057399,12208,4,2021,MG
185,Honda City V,1082299,26956,4,2018,Honda
186,Hyundai Grand i10,576999,12223,4,2017,Hyundai
187,Hyundai Grand i10,533199,23960,4,2016,Hyundai
188,Maruti Suzuki Wagon,473299,33687,4,2015,Maruti
189,MG Motors Hector,1838399,24887,4,2020,MG
190,Toyota Innova 2.5,800000,74000,1,2013,Toyota
191,BMW 3 Series,1890000,61000,1,2015,BMW
192,Jaguar XF 2.2,2150000,20000,1,2014,Jaguar
193,Hyundai Verna Fluidic,699000,26000,4,2015,Hyundai
194,Hyundai Grand i10,451799,71423,4,2015,Hyundai
195,Hyundai Grand i10,446999,34095,4,2015,Hyundai
196,Maruti Suzuki Wagon,470799,32658,4,2016,Maruti
197,Maruti Suzuki Ignis,511799,33166,4,2017,Maruti
198,Maruti Suzuki Wagon,399899,31284,4,2014,Maruti
199,Maruti Suzuki Wagon,375999,66090,4,2015,Maruti
200,Ford Ecosport -,664799,51295,4,2016,Ford
201,Maruti Suzuki Baleno,617799,48693,4,2016,Maruti
202,Maruti Suzuki Ciaz,749299,36626,1,2017,Maruti
203,Renault Duster -,795799,55752,1,2016,Renault
204,Tata Tigor -,543499,49341,1,2017,Tata
205,Maruti Suzuki Alto,317199,60251,4,2015,Maruti
206,Maruti Suzuki Alto,373699,22269,4,2015,Maruti
207,Volkswagen Ameo -,501799,38999,4,2016,Volkswagen
208,Maruti Suzuki Vitara,838699,29110,1,2019,Maruti
209,Hyundai Creta -,1804399,14506,4,2020,Hyundai
210,Hyundai Xcent 1.2,299000,95000,1,2016,Hyundai
211,Ford Figo 1.5,176000,88000,1,2010,Ford
212,Maruti Suzuki Wagon,325000,60000,4,2014,Maruti
213,Hyundai Creta -,1804399,14506,4,2020,Hyundai
214,Maruti Suzuki S,985299,29115,1,2017,Maruti
215,Maruti Suzuki Baleno,642899,34763,4,2017,Maruti
216,Maruti Suzuki Ciaz,740000,12500,1,2015,Maruti
217,Renault Kwid CLIMBER,463099,44696,4,2017,Renault
218,Maruti Suzuki Alto,350599,33004,4,2018,Maruti
219,Hyundai Verna Fluidic,636299,46034,4,2016,Hyundai
220,Hyundai Grand i10,698199,60307,4,2020,Hyundai
221,Hyundai Grand i10,764199,8825,4,2021,Hyundai
222,Maruti Suzuki Celerio,524799,5743,4,2019,Maruti
223,Ford EcoSport Ambiente,420000,87000,1,2013,Ford
224,Maruti Suzuki Celerio,524799,5743,4,2019,Maruti
225,Maruti Suzuki Eeco,493899,25735,4,2019,Maruti
226,Hyundai Elite i20,825299,37522,4,2019,Hyundai
227,Maruti Suzuki Wagon,495499,38955,4,2018,Maruti
228,Hyundai Eon Era,277599,65308,4,2014,Hyundai
229,Maruti Suzuki Wagon,473899,30467,4,2017,Maruti
230,Hyundai Venue S,855299,1954,4,2019,Hyundai
231,Hyundai Santro 1.1,540299,35220,4,2019,Hyundai
232,Hyundai Elite i20,642899,75876,4,2016,Hyundai
233,Maruti Suzuki Alto,442299,27020,4,2021,Maruti
234,Renault Triber 1.0,725399,13739,4,2019,Renault
235,Maruti Suzuki Wagon,558299,21544,4,2019,Maruti
236,Maruti Suzuki Alto,354299,13816,4,2016,Maruti
237,Hyundai Elite i20,673599,23817,4,2016,Hyundai
238,Hyundai Grand i10,525099,60985,4,2017,Hyundai
239,Maruti Suzuki Swift,529699,50141,4,2016,Maruti
240,Fiat Linea Dynamic,256000,30000,4,2012,Fiat
241,Maruti Suzuki XL6,1244799,22292,4,2019,Maruti
242,Honda Amaze -,474399,44013,4,2014,Honda
243,Maruti Suzuki Wagon,389399,96250,4,2016,Maruti
244,Maruti Suzuki Swift,562399,59839,4,2017,Maruti
245,Hyundai Grand i10,446699,49693,4,2015,Hyundai
246,Renault Kwid RXT,439999,22223,4,2017,Renault
247,Honda Amaze -,918999,8030,4,2021,Honda
248,Volkswagen Polo -,815799,38780,4,2016,Volkswagen
249,Maruti Suzuki Vitara,896799,31919,1,2018,Maruti
250,Hyundai i10 Sportz,411399,47564,4,2015,Hyundai
251,Hyundai Grand i10,498999,42836,4,2013,Hyundai
252,Ford Figo -,357999,50488,4,2015,Ford
253,Maruti Suzuki Ignis,462599,12916,4,2018,Maruti
254,Hyundai Elite i20,695199,30731,4,2016,Hyundai
255,Maruti Suzuki Eeco,490399,8825,4,2019,Maruti
256,Renault Kwid RxL,340099,21627,4,2016,Renault
257,Maruti Suzuki Ertiga,997899,5580,4,2020,Maruti
258,Hyundai i10 Sportz,351599,41371,4,2013,Hyundai
259,Maruti Suzuki Swift,603799,42313,4,2016,Maruti
260,Hyundai Elite i20,599799,74913,4,2016,Hyundai
261,Maruti Suzuki Wagon,456099,74760,4,2018,Maruti
262,Ford Ecosport -,993699,34045,1,2019,Ford
263,Maruti Suzuki Ritz,312299,143147,4,2010,Maruti
264,Hyundai Venue -,1221799,28149,4,2019,Hyundai
265,Maruti Suzuki Swift,522999,38049,4,2015,Maruti
266,Hyundai EON Magna,323399,78895,4,2014,Hyundai
267,Hyundai Grand i10,510799,27027,4,2015,Hyundai
268,Maruti Suzuki Vitara,910799,23940,4,2020,Maruti
269,Renault Captur -,722899,26678,4,2018,Renault
270,Honda WR V,809499,41342,1,2018,Honda
271,Maruti Suzuki Alto,297399,59614,4,2013,Maruti
272,Maruti Suzuki Alto,411999,39550,4,2016,Maruti
273,Renault Triber -,623399,28621,4,2019,Renault
274,Honda Brio -,372399,60437,4,2013,Honda
275,Maruti Suzuki Wagon,518099,26598,4,2018,Maruti
276,Honda Amaze -,485599,62723,4,2015,Honda
277,Maruti Suzuki Baleno,636899,21145,4,2017,Maruti
278,Hyundai Grand i10,396999,48699,4,2013,Hyundai
279,Ford Ecosport -,980399,10102,4,2019,Ford
280,Maruti Suzuki Baleno,658999,34881,4,2017,Maruti
281,Hyundai EON D,304099,53997,4,2015,Hyundai
282,Maruti Suzuki Alto,362599,49076,4,2015,Maruti
283,Maruti Suzuki Alto,344199,65951,4,2014,Maruti
284,Skoda Rapid 1.5,550000,136000,1,2015,Skoda
285,Maruti Suzuki Alto,462399,15032,4,2017,Maruti
286,Maruti Suzuki Alto,319999,15575,4,2017,Maruti
287,Maruti Suzuki Swift,275699,147819,1,2010,Maruti
288,Hyundai Grand i10,501599,35203,4,2016,Hyundai
289,Maruti Suzuki Eeco,506599,7597,4,2020,Maruti
290,Mahindra Scorpio S5,1198599,34883,1,2018,Mahindra
291,Ford Ecosport -,775499,59580,1,2017,Ford
292,Maruti Suzuki Ritz,338999,49647,4,2011,Maruti
293,Hyundai Verna Fluidic,652699,67577,4,2016,Hyundai
294,Tata Tiago -,535899,10890,4,2017,Tata
295,Maruti Suzuki Swift,492099,57444,4,2015,Maruti
296,Honda City -,885999,33598,4,2017,Honda
297,Ford Freestyle -,694899,17804,4,2018,Ford
298,Maruti Suzuki Swift,450599,62613,4,2013,Maruti
299,Hyundai i20 Asta,377999,56974,4,2010,Hyundai
300,Datsun Redi GO,491499,1405,4,2021,Datsun
301,Hyundai Verna -,1171199,36965,4,2018,Hyundai
302,Honda WR V,625699,25526,4,2017,Honda
303,Hyundai Grand i10,453199,20235,4,2016,Hyundai
304,Maruti Suzuki Vitara,850499,61064,1,2018,Maruti
305,Maruti Suzuki Ignis,548699,12558,4,2018,Maruti
306,Maruti Suzuki Alto,498799,14179,4,2019,Maruti
307,Honda City VX,1377199,20379,4,2020,Honda
308,Ford Ecosport -,772799,42837,4,2017,Ford
309,Hyundai Elite i20,572599,67473,4,2016,Hyundai
310,Honda City V,774899,27576,4,2016,Honda
311,Maruti Suzuki S,885099,80900,1,2017,Maruti
312,Hyundai Elite i20,687499,100934,1,2017,Hyundai
313,Hyundai Elite i20,567799,29060,4,2015,Hyundai
314,Hyundai i10 Magna,398499,36129,4,2016,Hyundai
315,Maruti Suzuki Swift,348499,156442,1,2011,Maruti
316,Maruti Suzuki Wagon,520899,48710,4,2018,Maruti
317,Ford Ecosport -,916799,20619,4,2018,Ford
318,Maruti Suzuki Wagon,480999,51149,5,2018,Maruti
319,Tata Nexon -,1043299,12978,4,2020,Tata
320,Honda City V,787399,40025,4,2016,Honda
321,Hyundai Grand i10,501599,63075,4,2016,Hyundai
322,Honda Brio -,362999,78724,4,2012,Honda
323,Renault Kwid -,403199,12257,4,2018,Renault
324,Hyundai Venue -,1022599,26890,1,2019,Hyundai
325,Nissan Micra Active,483199,20485,4,2018,Nissan
326,Hyundai EON Era,321399,69220,4,2017,Hyundai
327,Maruti Suzuki Alto,307999,41900,4,2017,Maruti
328,Maruti Suzuki Eeco,478599,11944,4,2019,Maruti
329,Maruti Suzuki Wagon,405199,66143,4,2015,Maruti
330,Maruti Suzuki Alto,314999,16563,4,2018,Maruti
331,Hyundai Elite i20,684599,14460,4,2016,Hyundai
332,Maruti Suzuki Alto,413099,47120,4,2018,Maruti
333,Maruti Suzuki Swift,501199,147960,1,2016,Maruti
334,Maruti Suzuki Wagon,357399,38766,4,2014,Maruti
335,Maruti Suzuki Eeco,494199,8409,4,2019,Maruti
336,Renault Kwid RxL,424099,20718,4,2019,Renault
337,Maruti Suzuki Baleno,598299,51125,4,2017,Maruti
338,Hyundai Grand i10,477599,64459,4,2014,Hyundai
339,Maruti Suzuki Swift,447599,29467,4,2014,Maruti
340,Tata Nexon -,703999,18019,4,2017,Tata
341,Maruti Suzuki Celerio,416099,40710,4,2016,Maruti
342,Maruti Suzuki S,559099,1956,4,2021,Maruti
343,Hyundai Grand i10,527099,21531,4,2018,Hyundai
344,Kia Seltos -,1517999,20989,4,2019,Kia
345,Hyundai i20 -,431099,33901,4,2013,Hyundai
346,Hyundai Grand i10,539799,54696,4,2018,Hyundai
347,MG Motors Hector,1800299,11292,1,2019,MG
348,Hyundai Grand i10,616599,27317,4,2017,Hyundai
349,Hyundai Xcent -,466599,79784,4,2014,Hyundai
350,Audi Q3 -,1656999,73656,1,2015,Audi
351,Tata Tiago -,562999,27664,4,2018,Tata
352,Hyundai Verna FLUIDIC,488899,41898,4,2012,Hyundai
353,Maruti Suzuki S,514599,4889,4,2021,Maruti
354,Hyundai Grand i10,495299,39836,4,2015,Hyundai
355,Honda Jazz -,752399,16108,4,2016,Honda
356,Hyundai Grand i10,474799,46111,4,2015,Hyundai
357,Maruti Suzuki Ciaz,849599,23761,4,2018,Maruti
358,Maruti Suzuki S,663199,146782,1,2016,Maruti
359,Hyundai Grand i10,566699,26597,4,2016,Hyundai
360,Maruti Suzuki Eeco,471199,12323,4,2018,Maruti
361,Renault Kwid RXL,385499,3230,4,2017,Renault
362,Maruti Suzuki Swift,491599,62059,4,2016,Maruti
363,Maruti Suzuki Baleno,725699,28188,4,2019,Maruti
364,BMW 5 Series,990000,49000,4,2010,BMW
365,Hyundai Grand i10,640099,32877,4,2019,Hyundai
366,Maruti Suzuki Ignis,575099,17283,4,2019,Maruti
367,Maruti Suzuki Ertiga,1081899,86033,1,2018,Maruti
368,Volkswagen Polo -,726399,17419,4,2018,Volkswagen
369,Maruti Suzuki Eeco,480399,24416,4,2019,Maruti
370,Renault Kwid RxL,369599,26700,4,2017,Renault
371,Maruti Suzuki Swift,451399,28979,4,2014,Maruti
372,Maruti Suzuki Eeco,494099,27150,4,2019,Maruti
373,Ford EcoSport -,1240899,3195,4,2020,Ford
374,Hyundai Eon Era,286199,26761,4,2013,Hyundai
375,Hyundai Grand i10,509399,71992,4,2017,Hyundai
376,Maruti Suzuki Alto,378099,27239,4,2016,Maruti
377,Honda Jazz -,586699,36244,4,2016,Honda
378,Maruti Suzuki Vitara,906899,69807,1,2019,Maruti
379,Maruti Suzuki Vitara,882199,31803,1,2019,Maruti
380,Honda Jazz -,507999,92373,4,2015,Honda
381,Maruti Suzuki Vitara,782999,59612,1,2016,Maruti
382,Ford Ecosport -,623399,30212,4,2014,Ford
383,Maruti Suzuki Ignis,548699,18113,4,2018,Maruti
384,Maruti Suzuki Alto,397099,48435,4,2018,Maruti
385,Maruti Suzuki Wagon,392099,29297,4,2015,Maruti
386,Maruti Suzuki Wagon,354599,53525,4,2012,Maruti
387,Honda Amaze -,719599,15890,4,2018,Honda
388,Honda WR V,834099,31694,4,2019,Honda
389,Maruti Suzuki Alto,365899,36279,4,2017,Maruti
390,Hyundai i10 Sportz,400899,33349,4,2015,Hyundai
391,Toyota Etios Liva,320199,103182,4,2012,Toyota
392,Hyundai Xcent S,457399,63048,4,2016,Hyundai
393,Maruti Suzuki Baleno,717699,26358,4,2017,Maruti
394,Maruti Suzuki Wagon,417299,18932,4,2017,Maruti
395,Maruti Suzuki Alto,323199,20369,4,2018,Maruti
396,Honda Jazz 1.2,633999,58769,4,2016,Honda
397,Hyundai Creta 1.6,875999,123920,1,2017,Hyundai
398,Hyundai EON -,309399,17900,4,2016,Hyundai
399,Maruti Suzuki Baleno,658999,31041,4,2017,Maruti
400,Maruti Suzuki Wagon,514099,61875,4,2018,Maruti
401,Hyundai Elite i20,672899,29210,4,2016,Hyundai
402,Mahindra TUV300 -,620099,35826,1,2016,Mahindra
403,Ford Freestyle -,733999,29364,4,2019,Ford
404,Renault Triber -,664699,16304,4,2021,Renault
405,Maruti Suzuki Swift,454299,95731,4,2015,Maruti
406,Maruti Suzuki Swift,357499,31011,4,2010,Maruti
407,Maruti Suzuki Swift,447599,30601,4,2014,Maruti
408,Maruti Suzuki S,422299,14568,4,2019,Maruti
409,Toyota Etios V,449699,89559,4,2012,Toyota
410,Hyundai Grand i10,493499,48834,4,2014,Hyundai
411,Hyundai Elite i20,605699,74190,1,2014,Hyundai
412,Ford EcoSport Titanium,755099,43077,4,2016,Ford
413,MG Motors Hector,1401000,16000,4,2020,MG
414,MG Motors Hector,1401000,16000,4,2020,MG
415,Maruti Suzuki Eeco,432699,17981,4,2018,Maruti
416,Maruti Suzuki Eeco,418599,20780,4,2018,Maruti
417,Maruti Suzuki Alto,275799,56719,4,2014,Maruti
418,Maruti Suzuki Wagon,456199,31108,4,2015,Maruti
419,Honda City -,728499,33611,4,2016,Honda
420,Maruti Suzuki Alto,431599,43700,4,2019,Maruti
421,Maruti Suzuki Ignis,533099,49920,4,2017,Maruti
422,Maruti Suzuki Swift,451399,57338,4,2014,Maruti
423,Hyundai Venue S,840699,23096,4,2020,Hyundai
424,Maruti Suzuki Swift,486499,48732,4,2016,Maruti
425,Honda City -,450199,67924,4,2012,Honda
426,Maruti Suzuki Wagon,418999,30418,4,2014,Maruti
427,Honda City -,621299,50593,4,2014,Honda
428,Hyundai i20 Active,508399,136381,4,2016,Hyundai
429,Maruti Suzuki Celerio,390999,46943,4,2015,Maruti
430,Maruti Suzuki Swift,675099,36277,4,2017,Maruti
431,Kia Seltos HTX,1501000,5600,1,2021,Kia
432,Kia Seltos HTX,1501000,5600,1,2021,Kia
433,Maruti Suzuki Wagon,130000,45000,4,2007,Maruti
434,Hyundai Xcent -,464199,70359,1,2015,Hyundai
435,Hyundai EON Era,343999,42205,4,2017,Hyundai
436,Nissan Micra -,441499,60539,4,2015,Nissan
437,Maruti Suzuki Dzire,684999,16533,4,2019,Maruti
438,Volkswagen Polo -,815399,26596,4,2017,Volkswagen
439,Hyundai Grand i10,468999,30912,4,2016,Hyundai
440,Hyundai Venue -,1194799,17951,1,2019,Hyundai
441,Volkswagen Polo -,599899,36928,4,2015,Volkswagen
442,Maruti Suzuki Dzire,710199,22854,4,2018,Maruti
443,Hyundai i20 -,474399,89156,4,2014,Hyundai
444,Maruti Suzuki Baleno,701399,41999,4,2019,Maruti
445,Honda City -,834599,66145,4,2017,Honda
446,Maruti Suzuki Alto,333699,29157,4,2017,Maruti
447,Hyundai EON Era,349799,33882,4,2017,Hyundai
448,Hyundai EON Era,286199,29379,4,2013,Hyundai
449,Maruti Suzuki Alto,386699,17352,4,2019,Maruti
450,Hyundai Creta 1.6,1300000,19000,1,2021,Hyundai
451,Renault Triber -,659199,13486,4,2019,Renault
452,Hyundai Grand i10,572599,33562,4,2018,Hyundai
453,Hyundai Verna -,1171199,13691,4,2018,Hyundai
454,Hyundai Grand i10,557199,31980,4,2017,Hyundai
455,Hyundai Grand i10,531399,69526,4,2016,Hyundai
456,Maruti Suzuki Alto,426199,21492,4,2016,Maruti
457,Maruti Suzuki Celerio,432999,47425,4,2016,Maruti
458,Hyundai Grand i10,458399,40988,4,2016,Hyundai
459,Jeep Compass -,1465199,51983,1,2018,Jeep
460,Maruti Suzuki Vitara,783099,69376,1,2018,Maruti
461,Maruti Suzuki Swift,562399,33094,4,2017,Maruti
462,Tata Tiago -,529199,26237,4,2017,Tata
463,Honda Brio -,447199,42415,4,2015,Honda
464,Hyundai Creta -,944099,112308,1,2016,Hyundai
465,Maruti Suzuki Celerio,452099,61427,4,2017,Maruti
466,MG Motors Hector,1917599,10205,1,2019,MG
467,Maruti Suzuki Ciaz,795000,58492,4,2018,Maruti
468,Honda City 1.5,350888,45000,4,2011,Honda
469,Maruti Suzuki Swift,580599,75691,1,2017,Maruti
470,Maruti Suzuki Alto,223299,84301,4,2013,Maruti
471,Tata Tiago -,600399,38346,4,2019,Tata
472,Maruti Suzuki Alto,367399,41530,4,2017,Maruti
473,Ford Ecosport -,704099,23049,4,2017,Ford
474,Maruti Suzuki Wagon,377899,74510,4,2016,Maruti
475,Maruti Suzuki Wagon,458699,20141,4,2016,Maruti
476,Ford Ecosport -,566199,85860,4,2015,Ford
477,Maruti Suzuki Swift,594599,63133,1,2017,Maruti
478,Maruti Suzuki Dzire,678699,71894,4,2018,Maruti
479,Renault Duster -,883099,95627,1,2017,Renault
480,Ford Ecosport -,578099,75324,1,2014,Ford
481,Maruti Suzuki Alto,305899,64611,4,2015,Maruti
482,Maruti Suzuki Celerio,457399,77128,4,2016,Maruti
483,Maruti Suzuki Alto,316799,36306,4,2016,Maruti
484,Hyundai i20 Asta,399999,83803,4,2011,Hyundai
485,Mahindra XUV 500,1100000,44000,1,2018,Mahindra
486,Honda City 1.5,990888,700,4,2020,Honda
487,Hyundai i20 Asta,399999,83803,4,2011,Hyundai
488,Hyundai Creta 1.6,841499,75398,4,2017,Hyundai
489,Honda City ZX,1016899,42317,4,2017,Honda
490,Maruti Suzuki Swift,748599,60214,1,2018,Maruti
491,Maruti Suzuki Swift,622099,58861,1,2017,Maruti
492,Volkswagen Polo -,530699,27995,4,2016,Volkswagen
493,Maruti Suzuki Celerio,471899,61018,4,2017,Maruti
494,Maruti Suzuki Swift,505399,67109,4,2015,Maruti
495,Maruti Suzuki Wagon,460299,81811,4,2017,Maruti
496,Hyundai Verna 1.6,683999,27357,4,2017,Hyundai
497,Volkswagen Polo HIGHLINE1.2L,639699,53293,4,2018,Volkswagen
498,Maruti Suzuki Celerio,510499,45260,4,2017,Maruti
499,Hyundai Venue -,1185499,3139,4,2019,Hyundai
500,Maruti Suzuki Celerio,471899,44690,4,2017,Maruti
501,Hyundai Santro ASTA,579899,13858,4,2019,Hyundai
502,Maruti Suzuki Alto,333699,25256,4,2017,Maruti
503,Maruti Suzuki Ciaz,590000,44100,3,2016,Maruti
504,Honda Amaze 1.2,375888,47000,4,2016,Honda
505,Mahindra XUV 500,778888,46000,1,2015,Mahindra
506,Volvo XC60 D3,1750000,86000,1,2012,Volvo
507,Volkswagen Polo COMFORTLINE,582899,15227,4,2017,Volkswagen
508,Volkswagen Polo -,414099,87375,1,2014,Volkswagen
509,Maruti Suzuki Eeco,516599,7679,4,2020,Maruti
510,Maruti Suzuki Alto,366299,48378,4,2016,Maruti
511,Maruti Suzuki Wagon,375899,54645,4,2014,Maruti
512,Maruti Suzuki Eeco,493899,7211,4,2019,Maruti
513,Datsun Redi GO,311399,37217,4,2017,Datsun
514,Maruti Suzuki Eeco,493899,32372,4,2019,Maruti
515,Maruti Suzuki Wagon,501999,37947,4,2018,Maruti
516,Hyundai Grand i10,409399,51886,4,2014,Hyundai
517,Toyota Innova Crysta,1737899,43187,1,2018,Toyota
518,Hyundai i20 Active,583999,33616,1,2015,Hyundai
519,Volkswagen Vento -,654299,91087,1,2015,Volkswagen
520,Ford Ecosport -,986699,26372,4,2018,Ford
521,Maruti Suzuki Celerio,414199,58762,4,2014,Maruti
522,Hyundai Elite i20,588099,101920,1,2016,Hyundai
523,Hyundai i20 Active,567399,35140,4,2015,Hyundai
524,Maruti Suzuki Ciaz,805099,50842,1,2018,Maruti
525,Honda Amaze -,492199,43412,4,2015,Honda
526,Honda Jazz -,495799,46201,4,2016,Honda
527,Maruti Suzuki S,1113599,63626,1,2017,Maruti
528,Maruti Suzuki Alto,299999,18251,4,2016,Maruti
529,Maruti Suzuki Baleno,592099,41019,4,2016,Maruti
530,Renault Kwid RXT,322299,46463,4,2015,Renault
531,Renault Kwid -,481999,20110,4,2017,Renault
532,Hyundai Grand i10,534599,17364,4,2016,Hyundai
533,MG Motors Hector,1681899,6760,4,2020,MG
534,Maruti Suzuki Celerio,429599,35109,4,2016,Maruti
535,Honda Amaze -,723799,44266,4,2018,Honda
536,Volkswagen Polo -,563299,39156,4,2017,Volkswagen
537,Maruti Suzuki Alto,214199,57993,4,2011,Maruti
538,Maruti Suzuki Alto,319399,51573,4,2015,Maruti
539,Maruti Suzuki Vitara,810399,78329,1,2016,Maruti
540,Maruti Suzuki Ertiga,788999,61977,1,2016,Maruti
541,Mahindra KUV100 K6,508799,58640,1,2016,Mahindra
542,Renault Kwid -,457099,40650,4,2018,Renault
543,Volkswagen Polo -,612899,19121,4,2019,Volkswagen
544,Ford Ecosport -,684099,85893,1,2016,Ford
545,Renault Triber -,716699,9874,4,2019,Renault
546,Hyundai Grand i10,501599,25202,4,2016,Hyundai
547,Hyundai Grand i10,509699,95999,4,2016,Hyundai
548,Maruti Suzuki Alto,337799,49074,4,2014,Maruti
549,Hyundai Verna 1.6,852399,52439,4,2017,Hyundai
550,Mahindra XUV 500,1784699,10813,1,2020,Mahindra
551,Hyundai Creta -,778199,127971,4,2016,Hyundai
552,Maruti Suzuki Swift,705099,114108,1,2018,Maruti
553,Hyundai Grand i10,557599,52030,1,2017,Hyundai
554,Mahindra XUV 500,1518099,44721,1,2018,Mahindra
555,BMW 5 Series,1059000,49000,4,2010,BMW
556,Maruti Suzuki Alto,185000,55000,4,2011,Maruti
557,Mercedes Benz E,1948888,10000,1,2013,Mercedes
558,Tata Harrier -,2272499,22667,1,2020,Tata
559,Honda City -,626199,68519,4,2014,Honda
560,Tata Nano -,236099,64011,4,2015,Tata
561,Maruti Suzuki Alto,430499,13598,4,2021,Maruti
562,Maruti Suzuki Wagon,442799,47037,4,2014,Maruti
563,Hyundai Creta -,1373699,69711,4,2018,Hyundai
564,Hyundai Elite i20,589299,49189,4,2015,Hyundai
565,Maruti Suzuki Alto,298199,18368,4,2016,Maruti
566,Tata Harrier -,1508799,16874,1,2020,Tata
567,Maruti Suzuki Eeco,473699,24484,4,2019,Maruti
568,Maruti Suzuki Baleno,656299,20688,4,2019,Maruti
569,Maruti Suzuki Alto,345799,24065,4,2016,Maruti
570,Hyundai Grand i10,584599,22609,4,2018,Hyundai
571,Skoda Rapid -,786799,56523,1,2017,Skoda
572,Hyundai Elite i20,624799,48031,4,2018,Hyundai
573,Hyundai Grand i10,472399,45578,4,2016,Hyundai
574,Hyundai Fluidic Verna,408888,70070,1,2012,Hyundai
575,Hyundai i10 Magna,288888,28000,4,2015,Hyundai
576,Chevrolet Sail 1.2,198888,30030,1,2013,Chevrolet
577,Ford Endeavor 4X4,898888,25000,1,2011,Ford
578,BMW 3 Series,1148888,8000,1,2013,BMW
579,Hyundai Elite i20,687199,28648,4,2016,Hyundai
580,Hyundai i10 Magna,387099,59819,4,2015,Hyundai
581,Maruti Suzuki Baleno,650599,19574,4,2018,Maruti
582,Tata Hexa -,1705799,46337,1,2019,Tata
583,Volkswagen Polo -,526899,73563,4,2015,Volkswagen
584,Honda Jazz -,612799,51428,4,2016,Honda
585,Maruti Suzuki Alto,269099,95754,4,2016,Maruti
586,Tata Hexa -,1952199,34533,1,2019,Tata
587,Maruti Suzuki Baleno,646299,50154,4,2016,Maruti
588,Maruti Suzuki Celerio,425899,23492,4,2016,Maruti
589,Maruti Suzuki Celerio,496399,37739,4,2017,Maruti
590,Maruti Suzuki Celerio,393799,46178,4,2015,Maruti
591,Maruti Suzuki Baleno,619599,42893,4,2017,Maruti
592,Maruti Suzuki Alto,423599,57875,5,2019,Maruti
593,Hyundai Venue -,831999,4832,4,2020,Hyundai
594,Renault Triber -,695099,27805,4,2019,Renault
595,Hyundai Xcent S,390000,71000,1,2014,Hyundai
596,Maruti Suzuki Alto,261499,68844,4,2013,Maruti
597,Honda Jazz -,649699,37070,4,2017,Honda
598,Hyundai Grand i10,494099,20393,4,2017,Hyundai
599,Maruti Suzuki Alto,313399,22244,4,2017,Maruti
600,Toyota Fortuner -,2122099,47024,1,2016,Toyota
601,Hyundai Elite i20,552799,64707,4,2015,Hyundai
602,Ford Ecosport -,490099,52149,4,2013,Ford
603,Hyundai Grand i10,638599,11203,4,2017,Hyundai
604,Maruti Suzuki Alto,374799,18071,4,2015,Maruti
605,Hyundai Elite i20,517499,81412,4,2016,Hyundai
606,Maruti Suzuki Swift,553899,41912,4,2016,Maruti
607,Maruti Suzuki Swift,579199,32516,4,2016,Maruti
608,Hyundai Grand i10,531999,41552,4,2015,Hyundai
609,Hyundai Grand i10,496199,21790,4,2018,Hyundai
610,Maruti Suzuki Baleno,659099,34010,4,2019,Maruti
611,Hyundai Elite i20,534799,50050,4,2016,Hyundai
612,Hyundai Grand i10,496199,21790,4,2018,Hyundai
613,Maruti Suzuki Wagon,298599,75822,4,2011,Maruti
614,Tata Tiago -,490199,28589,4,2016,Tata
615,Renault Kwid -,422999,15883,4,2017,Renault
616,Hyundai Elite i20,656399,63648,4,2016,Hyundai
617,Maruti Suzuki Vitara,688599,156931,1,2016,Maruti
618,Maruti Suzuki XL6,1113299,13829,4,2019,Maruti
619,Maruti Suzuki Baleno,608399,28361,4,2016,Maruti
620,Hyundai Grand i10,587399,77960,4,2017,Hyundai
621,Maruti Suzuki Celerio,449699,33473,4,2015,Maruti
622,Maruti Suzuki Eeco,464899,29052,4,2019,Maruti
623,Maruti Suzuki Alto,302699,68041,4,2017,Maruti
624,Maruti Suzuki Baleno,583299,61361,4,2015,Maruti
625,Honda BRV -,877999,32218,4,2018,Honda
626,Hyundai i10 Magna,398499,28579,4,2016,Hyundai
627,Hyundai Grand i10,529399,51343,4,2017,Hyundai
628,Honda City V,950000,35500,4,2017,Honda
629,Hyundai i20 Sportz,439000,16000,4,2012,Hyundai
630,Renault Kwid RxL,422299,17357,4,2019,Renault
631,Ford Figo Aspire,589999,14517,4,2017,Ford
632,Maruti Suzuki Baleno,661299,13517,4,2017,Maruti
633,Maruti Suzuki Wagon,429099,42302,4,2017,Maruti
634,Maruti Suzuki Celerio,389399,65783,4,2015,Maruti
635,Renault Lodgy -,629799,138716,1,2015,Renault
636,Hyundai i10 Sportz,397299,43339,4,2013,Hyundai
637,Maruti Suzuki Ignis,546399,19526,4,2018,Maruti
638,Maruti Suzuki Alto,412999,25673,4,2016,Maruti
639,Maruti Suzuki Celerio,402799,93304,4,2016,Maruti
640,Hyundai Creta -,915699,94409,1,2019,Hyundai
641,Hyundai EON -,357899,27339,4,2016,Hyundai
642,Renault Kwid -,475399,9095,4,2018,Renault
643,Maruti Suzuki Eeco,485299,21934,4,2019,Maruti
644,Maruti Suzuki Baleno,643599,51706,4,2016,Maruti
645,Honda City ZX,1069999,54000,0,2018,Honda
646,Honda City ZX,1069999,54000,0,2018,Honda
647,Honda City ZX,1069999,54000,0,2018,Honda
648,Honda WRV VX,735000,34000,4,2018,Honda
649,Maruti Suzuki Wagon,438199,31281,4,2018,Maruti
650,Honda City -,924599,46312,4,2019,Honda
651,Hyundai Elite i20,664099,32989,4,2018,Hyundai
652,Renault Kwid -,462299,50599,4,2018,Renault
653,Honda Brio -,438499,26127,4,2016,Honda
654,Maruti Suzuki Vitara,680999,58118,1,2016,Maruti
655,Maruti Suzuki Alto,393199,23534,4,2019,Maruti
656,Maruti Suzuki Baleno,646799,58978,4,2018,Maruti
657,Maruti Suzuki Wagon,349999,33103,4,2014,Maruti
658,Maruti Suzuki Eeco,419599,14600,4,2018,Maruti
659,Maruti Suzuki Baleno,585099,26049,4,2016,Maruti
660,Ford Freestyle -,627799,33895,1,2018,Ford
661,Volkswagen Polo -,520799,32893,4,2017,Volkswagen
662,Maruti Suzuki Swift,410199,61717,4,2013,Maruti
663,Maruti Suzuki Wagon,404399,82334,4,2017,Maruti
664,Hyundai Verna -,682799,87381,4,2017,Hyundai
665,Porsche Cayenne Select,3300000,38000,2,2011,Porsche
666,Toyota Innova 2.5,1175000,210000,1,2013,Toyota
667,Ford Ecosport -,1045799,34642,4,2019,Ford
668,Maruti Suzuki Swift,410199,154104,4,2013,Maruti
669,Maruti Suzuki Alto,297299,61826,4,2016,Maruti
670,Tata Nexon -,980199,44751,1,2018,Tata
671,Honda Jazz -,794299,5183,4,2019,Honda
672,Maruti Suzuki Swift,411899,136082,1,2012,Maruti
673,Maruti Suzuki Celerio,557399,5817,4,2019,Maruti
674,Hyundai Creta -,896099,99138,1,2015,Hyundai
675,Honda Jazz -,637699,27936,4,2016,Honda
676,Maruti Suzuki Alto,254499,39845,4,2014,Maruti
677,Maruti Suzuki Eeco,457699,15615,4,2019,Maruti
678,Honda Brio -,361599,53158,4,2012,Honda
679,Maruti Suzuki Baleno,675799,16002,4,2019,Maruti
680,Maruti Suzuki Wagon,389499,31133,4,2015,Maruti
681,Maruti Suzuki Baleno,625599,20172,4,2016,Maruti
682,Volkswagen Polo -,686999,69653,4,2013,Volkswagen
683,Volkswagen Ameo Comfortline,519699,26023,4,2017,Volkswagen
684,Maruti Suzuki Alto,324599,19805,4,2018,Maruti
685,Maruti Suzuki Alto,340199,41365,4,2017,Maruti
686,Ford Ecosport -,693999,90001,1,2017,Ford
687,Hyundai EON Era,310999,45285,4,2016,Hyundai
688,Maruti Suzuki Ciaz,722199,42441,4,2016,Maruti
689,Maruti Suzuki Celerio,485099,24342,4,2016,Maruti
690,Maruti Suzuki Dzire,614999,14308,4,2017,Maruti
691,Maruti Suzuki Vitara,1061399,32456,1,2018,Maruti
692,Maruti Suzuki S,879699,58448,1,2018,Maruti
693,Maruti Suzuki Ertiga,755199,86576,1,2016,Maruti
694,Ford Ecosport -,816399,50421,4,2018,Ford
695,Maruti Suzuki Eeco,414299,26035,4,2017,Maruti
696,Tata Tiago -,476299,23499,4,2018,Tata
697,Maruti Suzuki Baleno,572599,25636,4,2016,Maruti
698,Kia Seltos -,1644799,15023,4,2019,Kia
699,Kia Carnival -,1500000,50000,1,2020,Kia
700,Hyundai Creta -,1000000,12000,4,2021,Hyundai
701,Maruti Suzuki Alto,352199,22584,4,2015,Maruti
702,Maruti Suzuki Baleno,566899,22394,4,2017,Maruti
703,Maruti Suzuki Dzire,650699,93563,1,2017,Maruti
704,Maruti Suzuki Eeco,413399,10537,4,2017,Maruti
705,Ford Ecosport -,645799,81515,1,2016,Ford
706,Jeep Compass -,1551499,24676,1,2017,Jeep
707,Maruti Suzuki Alto,333699,11917,4,2017,Maruti
708,Maruti Suzuki Ertiga,811799,69654,1,2016,Maruti
709,Maruti Suzuki Alto,406899,16226,4,2017,Maruti
710,Ford Ecosport -,727299,8925,4,2018,Ford
711,Honda Jazz -,657399,27819,4,2016,Honda
712,Hyundai Grand i10,637599,26543,4,2020,Hyundai
713,Maruti Suzuki Dzire,623799,90088,4,2017,Maruti
714,Maruti Suzuki Eeco,422899,34258,4,2018,Maruti
715,Hyundai i20 Active,576099,101744,4,2015,Hyundai
716,Jeep Compass -,1987699,19830,4,2019,Jeep
717,MG Motors Hector,1652199,13636,4,2019,MG
718,Hyundai Venue -,1217499,21393,4,2019,Hyundai
719,Hyundai Creta -,1198299,76915,1,2017,Hyundai
720,Hyundai Grand i10,590799,16300,4,2018,Hyundai
721,Hyundai Elite i20,844999,40106,1,2019,Hyundai
722,Renault Kwid RXT,328499,66461,4,2015,Renault
723,Hyundai Creta -,769599,48182,4,2016,Hyundai
724,Hyundai Elite i20,654299,41816,4,2017,Hyundai
725,Hyundai i20 -,395699,73841,4,2012,Hyundai
726,Renault Kwid RxL,294799,19908,4,2016,Renault
727,Hyundai Elite i20,534499,26226,4,2018,Hyundai
728,Maruti Suzuki Baleno,681399,43287,4,2016,Maruti
729,Datsun Redi GO,415699,26527,4,2018,Datsun
730,Maruti Suzuki Alto,300199,37801,4,2017,Maruti
731,Maruti Suzuki Vitara,856699,54044,1,2017,Maruti
732,Ford Figo Aspire,481399,29632,4,2017,Ford
733,Hyundai i10 Magna,229000,65000,4,2014,Hyundai
734,Jeep Compass Limited,1750000,31000,1,2017,Jeep
735,Jeep Compass Limited,1750000,31000,1,2017,Jeep
736,Jeep Compass Limited,1750000,31000,1,2017,Jeep
